{"cameraMode":{"drawMode":0,"name":"Shaded","section":"Shading Mode"},"sceneLighting":true,"audioPlay":false,"sceneViewState":{"showFog":true,"showMaterialUpdate":false,"showSkybox":true,"showFlares":true,"showImageEffects":true,"showParticleSystems":true},"in2DMode":false,"pivot":{"x":4.38543701171875,"y":-0.1404571533203125,"z":-3.3481454849243166},"rotation":{"x":0.043696898967027667,"y":0.34064990282058718,"z":-0.015851646661758424,"w":0.9390407204627991},"size":6.684617519378662,"orthographic":false}